{
  "baseline_full_miou": 0.4548,
  "point_ablation_results": {
    "k1_g2": {
      "best_miou": 0.3693,
      "config": {
        "k": 1,
        "gamma": 2.0
      }
    },
    "k5_g0": {
      "best_miou": 0.41304185687811973,
      "config": {
        "k": 5,
        "gamma": 0.0
      }
    },
    "k5_g2": {
      "best_miou": 0.443513833278711,
      "config": {
        "k": 5,
        "gamma": 2.0
      }
    },
    "k10_g2": {
      "best_miou": 0.43705064626371026,
      "config": {
        "k": 10,
        "gamma": 2.0
      }
    }
  }
}